<?xml version="1.0" encoding="utf-8"?>
<layer-list xmlns:android="http://schemas.android.com/apk/res/android" >
    <item android:top="-10dp">
        <shape xmlns:android="http://schemas.android.com/apk/res/android">
            <solid android:color="@color/navbg"/>
            <stroke android:width="1dip"
                android:color="@color/gray"
                ></stroke>
            <corners android:bottomLeftRadius="20dp"
                android:bottomRightRadius="20dp"
                ></corners>
        </shape>
    </item>
</layer-list>
